{"stats":{"minecraft:custom":{"minecraft:jump":136,"minecraft:time_since_rest":12008,"minecraft:damage_dealt":576,"minecraft:leave_game":1,"minecraft:sprint_one_cm":66355,"minecraft:play_time":12008,"minecraft:time_since_death":12008,"minecraft:walk_one_cm":21193,"minecraft:sneak_time":15,"minecraft:total_world_time":15206,"minecraft:mob_kills":5,"minecraft:fly_one_cm":33210},"minecraft:killed":{"minecraft:sheep":5},"minecraft:used":{"minecraft:stone":63,"minecraft:flint_and_steel":2,"immersive_portals:portal_helper":43,"minecraft:grass_block":4}},"DataVersion":3120}